ID,name,s4CuId,s4CuType,s4TaskListId,s4ObjNr
9d55240c-471b-46bb-b9f6-f281775351e1,"Pole, Wood, 100', CLH1",EOHXPL_WP__554380,"Pole, Wood, 100', CLH1",00003881,CU00000000000014013067
9b736531-5728-4b6f-ac85-692f8026611e,"Pole, Wood, 50', CLH3",EOH_PL_WP__305122,"Pole, Wood, 50', CLH3",00014950,CU00000000000067327453
e8c8dda5-a885-4205-aa5f-e75268c64462,"Pole, Wood, 95', CL2",EOH_PL_WP__305244,"Pole, Wood, 95', CL2",00015165,CU00000000000068921973
2e65c15f-f4fb-4339-ae4a-dd18516f0325,"Pole, Wood, 105', CLH3",EOH_PL_WP__305266,"Pole, Wood, 105', CLH3",00015166,CU00000000000068921998
6a175f9e-d95e-4cdd-b1ae-4d67a1de75a6,"Pole, Wood, 105', CL1",EOH_PL_WP__305267,"Pole, Wood, 105', CL1",00015167,CU00000000000068921999
0ad5eb4b-ba8b-43fb-9fc9-355c2699cb00,"Pole, Wood, 100', CL1",EOH_PL_WP__305268,"Pole, Wood, 100', CL1",00015168,CU00000000000068922000
c35939d8-b214-4cec-9821-dbef32ae4cdc,"Pole, Wood, 100', CL2",EOH_PL_WP__305269,"Pole, Wood, 100', CL2",00015169,CU00000000000068922001
79929c68-d9d7-439d-b726-8755043daa7c,"Pole, Wood, 100', CLH3",EOH_PL_WP__305270,"Pole, Wood, 100', CLH3",00015170,CU00000000000068922002
87b559a3-a484-4f53-bacd-a07e137cd74a,"Pole, Wood, 95', CLH5",EOH_PL_WP__305398,"Pole, Wood, 95', CLH5",00015695,CU00000000000104838094
124e3867-349e-4090-bdcb-0c12a249c9b5,"Pole, Wood, 100', CLH2",EOH_PL_WP__554420,"Pole, Wood, 100', CLH2",00002554,CU00000000000014011115
a0bcccf9-3055-43c6-8aff-fead84093a28,"Pole, Wood, 105', CLH1",EOH_PL_WP__554540,"Pole, Wood, 105', CLH1",00002556,CU00000000000014011116
0f8ea5fa-a44c-4fc0-9e53-2928c5933747,"Pole, Wood, 105', CLH2",EOH_PL_WP__554560,"Pole, Wood, 105', CLH2",00002557,CU00000000000014011117
2b00f323-f0ca-4a30-8cb4-6b2c397246aa,"Pole, Wood, 25', CL6",EOH_PL_WP__555460,"Pole, Wood, 25', CL6",00002559,CU00000000000014011118
2329c43a-0a6f-428a-9ee8-e12ec7f0af6d,"Pole, Wood, 25', CL1",EOH_PL_WP__555480,"Pole, Wood, 25', CL1",00005718,CU00000000000014011119
8d1a188b-baf2-4855-8cfc-8449feb16aff,"Pole, Wood, 25', CL2",EOH_PL_WP__555620,"Pole, Wood, 25', CL2",00002560,CU00000000000014011120
4d685708-2b47-4b5f-87d7-140d174b6947,"Pole, Wood, 25', CL3",EOH_PL_WP__555760,"Pole, Wood, 25', CL3",00002562,CU00000000000014011121
f7013d23-b611-4589-938e-f9a5322525b1,"Pole, Wood, 25', CL4",EOH_PL_WP__555900,"Pole, Wood, 25', CL4",00002563,CU00000000000014011122
5d550313-46d9-46c2-aebc-95cb9c5766aa,"Pole, Wood, 25', CL5",EOH_PL_WP__556040,"Pole, Wood, 25', CL5",00002564,CU00000000000014011123
e54e1ab0-c6e4-403d-88df-8639ebb4d6cc,"Pole, Wood, 30', CL5",EOH_PL_WP__556730,"Pole, Wood, 30', CL5",00002567,CU00000000000014011125
49b1146b-ef18-4fe5-b574-a50c7b647359,"Pole, Wood, 30', CL1",EOH_PL_WP__556750,"Pole, Wood, 30', CL1",00002569,CU00000000000014011126
744a317a-036a-4778-b2a5-e0ceff33ef14,"Pole, Wood, 30', CL2",EOH_PL_WP__556890,"Pole, Wood, 30', CL2",00002570,CU00000000000014011127
4c500221-37ed-45dc-adca-7fae1956a516,"Pole, Wood, 30', CL3",EOH_PL_WP__557030,"Pole, Wood, 30', CL3",00002572,CU00000000000014011128
0577fa5f-3a6c-4eb8-80ac-d0f4bde905a5,"Pole, Wood, 30', CL4",EOH_PL_WP__557170,"Pole, Wood, 30', CL4",00002573,CU00000000000014011129
4e155c12-22fa-4b3b-a24b-5ae1bf784fbc,"Pole, Wood, 35', CL5",EOH_PL_WP__558140,"Pole, Wood, 35', CL5",00002575,CU00000000000014011130
562bdffe-24e7-4524-a43b-12e0bb0f678b,"Pole, Wood, 35', CL1",EOH_PL_WP__558190,"Pole, Wood, 35', CL1",00002576,CU00000000000014011131
32a7363d-5ecf-44da-83a4-25397e7709cf,"Pole, Wood, 35', CL2",EOH_PL_WP__558330,"Pole, Wood, 35', CL2",00002578,CU00000000000014011132
32a755db-311e-4d22-9e82-29312f1aa2aa,"Pole, Wood, 35', CL3",EOH_PL_WP__558470,"Pole, Wood, 35', CL3",00002579,CU00000000000014011133
236708ba-d867-45a0-b6b2-df09fd9be8fa,"Pole, Wood, 35', CL4",EOH_PL_WP__558610,"Pole, Wood, 35', CL4",00002581,CU00000000000014011134
6130098b-59f9-44bb-837d-61445db1f101,"Pole, Wood, 40', CL5",EOH_PL_WP__559210,"Pole, Wood, 40', CL5",00002582,CU00000000000014011135
5764e2ea-ab4d-45e3-ae36-2981b707ace7,"Pole, Wood, 40', CL1",EOH_PL_WP__559220,"Pole, Wood, 40', CL1",00002584,CU00000000000014011136
c1651845-c41a-49ad-a60e-398f1ede1252,"Pole, Wood, 40', CL2",EOH_PL_WP__559340,"Pole, Wood, 40', CL2",00002585,CU00000000000014011137
75489b53-f330-43d6-a035-f0c2bc9a029f,"Pole, Wood, 40', CL3",EOH_PL_WP__559460,"Pole, Wood, 40', CL3",00002587,CU00000000000014011138
d84a1be3-5d25-41b7-93ae-55f8286cb20f,"Pole, Wood, 40', CL4",EOH_PL_WP__559580,"Pole, Wood, 40', CL4",00002589,CU00000000000014011139
28be6273-e2a8-494a-bb0d-668ec05892f8,"Pole, Wood, 45', CL1",EOH_PL_WP__560000,"Pole, Wood, 45', CL1",00002590,CU00000000000014011140
40a8a580-0ef2-4e6f-a1be-bc222cc00e13,"Pole, Wood, 45', CL2",EOH_PL_WP__560120,"Pole, Wood, 45', CL2",00002592,CU00000000000014011141
448bce93-71c4-490e-8a27-5ce9cc5d3156,"Pole, Wood, 45', CL3",EOH_PL_WP__560240,"Pole, Wood, 45', CL3",00002593,CU00000000000014011142
0c399f98-019c-4d0b-bd3b-e1762cfbac12,"Pole, Wood, 45', CL4",EOH_PL_WP__560360,"Pole, Wood, 45', CL4",00002595,CU00000000000014011143
9b700784-258d-4b51-b9bb-358caaa8f704,"Pole, Wood, 45', CL5",EOH_PL_WP__560480,"Pole, Wood, 45', CL5",00002596,CU00000000000014011144
8fc91704-7831-4ad4-9b41-d5b3b645ee02,"Pole, Wood, 50', CL1",EOH_PL_WP__560770,"Pole, Wood, 50', CL1",00002598,CU00000000000014011145
71706d29-19c5-4de3-9df9-d0cb33f290f6,"Pole, Wood, 50', CL2",EOH_PL_WP__560850,"Pole, Wood, 50', CL2",00002599,CU00000000000014011146
d6b99ed8-88dc-4d1a-8a82-30a46913777d,"Pole, Wood, 50', CL3",EOH_PL_WP__560930,"Pole, Wood, 50', CL3",00002601,CU00000000000014011147
1fa3ed06-d15e-42e2-a965-6f4ad65726c3,"Pole, Wood, 50', CL4",EOH_PL_WP__561010,"Pole, Wood, 50', CL4",00002602,CU00000000000014011148
41b1283d-e031-4c32-a8a4-fedc6fd17f5d,"Pole, Wood, 55', CL1",EOH_PL_WP__561310,"Pole, Wood, 55', CL1",00002604,CU00000000000014011149
049e0fa3-f9f7-4b98-b00f-7442c8a53c5e,"Pole, Wood, 55', CL2",EOH_PL_WP__561390,"Pole, Wood, 55', CL2",00002605,CU00000000000014011150
2c2b2944-8cc7-4570-88ad-a14cd02b2bfb,"Pole, Wood, 55', CL3",EOH_PL_WP__561470,"Pole, Wood, 55', CL3",00002607,CU00000000000014011151
039b9fbb-3d03-4063-bf7f-b79a8ace00c5,"Pole, Wood, 55', CL4",EOH_PL_WP__561550,"Pole, Wood, 55', CL4",00002608,CU00000000000014011152
bcccb93b-3e10-4929-aa02-c228d3c59ccd,"Pole, Wood, 60', CLH1",EOH_PL_WP__561760,"Pole, Wood, 60', CLH1",00002610,CU00000000000014011153
2c632b2c-c6dd-4c14-b1d1-3859dc028836,"Pole, Wood, 60', CLH2",EOH_PL_WP__561800,"Pole, Wood, 60', CLH2",00002611,CU00000000000014011154
34ed9a87-b2b2-412a-9cf1-64301d5ece96,"Pole, Wood, 60', CL1",EOH_PL_WP__561840,"Pole, Wood, 60', CL1",00002613,CU00000000000014011155
4c504b49-af0a-4fc7-af96-a09b19b9c15a,"Pole, Wood, 60', CL2",EOH_PL_WP__561920,"Pole, Wood, 60', CL2",00002614,CU00000000000014011156
80b06124-7ab6-428a-ae90-489736eb4ace,"Pole, Wood, 60', CL3",EOH_PL_WP__562000,"Pole, Wood, 60', CL3",00002616,CU00000000000014011157
f99904da-93ff-4cfb-89f7-1605c7667b65,"Pole, Wood, 65', CLH1",EOH_PL_WP__562220,"Pole, Wood, 65', CLH1",00002617,CU00000000000014011158
299dd06a-c542-4b4c-921a-a50913896579,"Pole, Wood, 65', CLH2",EOH_PL_WP__562260,"Pole, Wood, 65', CLH2",00002619,CU00000000000014011159
dd5199e9-bd67-49d6-a379-6ab3e4b70d5b,"Pole, Wood, 65', CL1",EOH_PL_WP__562300,"Pole, Wood, 65', CL1",00002620,CU00000000000014011160
8317317b-2ef3-4836-b9cb-11641f80a3ad,"Pole, Wood, 65', CL2",EOH_PL_WP__562340,"Pole, Wood, 65', CL2",00002622,CU00000000000014011161
5bcd0fc7-2fdc-48c1-8174-11d3d948ccbc,"Pole, Wood, 65', CL3",EOH_PL_WP__562380,"Pole, Wood, 65', CL3",00002623,CU00000000000014011162
1b9fe2f8-ab3b-4a9f-9067-2ea3abbbde0a,"Pole, Wood, 70', CLH1",EOH_PL_WP__562500,"Pole, Wood, 70', CLH1",00002625,CU00000000000014011163
80e4a726-5407-4d1b-aaf3-d3ba22d2afae,"Pole, Wood, 70', CLH2",EOH_PL_WP__562540,"Pole, Wood, 70', CLH2",00002626,CU00000000000014011164
3ae614fe-93cc-4ce5-98da-614f41b442b9,"Pole, Wood, 70', CL1",EOH_PL_WP__562580,"Pole, Wood, 70', CL1",00002628,CU00000000000014011165
08c093f8-3499-4e28-b9a4-8fb233f1e471,"Pole, Wood, 70', CL2",EOH_PL_WP__562620,"Pole, Wood, 70', CL2",00002629,CU00000000000014011166
8606c39e-e982-49e6-87a6-ca3ac12dd1b6,"Pole, Wood, 70', CL3",EOH_PL_WP__562660,"Pole, Wood, 70', CL3",00002631,CU00000000000014011167
c78a1d3e-c384-4180-a0d7-53d658e2e9f6,"Pole, Wood, 75', CLH1",EOH_PL_WP__562750,"Pole, Wood, 75', CLH1",00002632,CU00000000000014011168
cd50e319-cd7b-4690-93db-f21242f6ed3a,"Pole, Wood, 75', CLH2",EOH_PL_WP__562790,"Pole, Wood, 75', CLH2",00002634,CU00000000000014011169
96dfda34-8afb-4afa-bf62-e7cf391906ba,"Pole, Wood, 75', CL1",EOH_PL_WP__562830,"Pole, Wood, 75', CL1",00002635,CU00000000000014011170
adb96842-f51f-4288-bca9-414b8455c5dc,"Pole, Wood, 75', CL2",EOH_PL_WP__562870,"Pole, Wood, 75', CL2",00002636,CU00000000000014011171
ba73265f-d36b-4562-9fdf-5476d9af29dd,"Pole, Wood, 75', CL3",EOH_PL_WP__562910,"Pole, Wood, 75', CL3",00002638,CU00000000000014011172
4b8e430a-e915-4e54-a06a-7bd12219b74a,"Pole, Wood, 80', CLH1",EOH_PL_WP__563010,"Pole, Wood, 80', CLH1",00002639,CU00000000000014011173
079ac6c5-06d7-4c3d-81fb-a0176b8aa735,"Pole, Wood, 80', CLH2",EOH_PL_WP__563050,"Pole, Wood, 80', CLH2",00002641,CU00000000000014011174
fc844f4e-41bf-49c3-b312-092637701788,"Pole, Wood, 80', CL1",EOH_PL_WP__563090,"Pole, Wood, 80', CL1",00002642,CU00000000000014011175
ee100262-d259-41f1-9ec2-039a736af089,"Pole, Wood, 80', CL2",EOH_PL_WP__563130,"Pole, Wood, 80', CL2",00002644,CU00000000000014011176
ca0a4453-240d-4ec4-a8a1-5e66246c3978,"Pole, Wood, 80', CL3",EOH_PL_WP__563170,"Pole, Wood, 80', CL3",00002645,CU00000000000014011177
43398c69-914d-4a26-9741-27b33ad7d81c,"Pole, Wood, 85', CLH1",EOH_PL_WP__563260,"Pole, Wood, 85', CLH1",00002647,CU00000000000014011178
e592ca5b-4cd7-4268-8e51-f2a493272a5f,"Pole, Wood, 85', CLH2",EOH_PL_WP__563300,"Pole, Wood, 85', CLH2",00002648,CU00000000000014011179
19e91527-dca6-4ace-8d17-a4bba20c2f61,"Pole, Wood, 85', CL1",EOH_PL_WP__563340,"Pole, Wood, 85', CL1",00002650,CU00000000000014011180
3dfcb321-5019-46a4-b3ac-34f008603d83,"Pole, Wood, 85', CL2",EOH_PL_WP__563380,"Pole, Wood, 85', CL2",00002651,CU00000000000014011181
e20c0ef3-007e-4adc-9dc4-74f5f70ec410,"Pole, Wood, 85', CL3",EOH_PL_WP__563420,"Pole, Wood, 85', CL3",00002653,CU00000000000014011182
ec4f6224-b19e-4bb9-a658-cdaaca9da905,"Pole, Wood, 90', CLH1",EOH_PL_WP__563560,"Pole, Wood, 90', CLH1",00002654,CU00000000000014011183
5120f0a6-fb5b-40a9-bc01-110285e781a3,"Pole, Wood, 90', CLH2",EOH_PL_WP__563600,"Pole, Wood, 90', CLH2",00002656,CU00000000000014011184
e500911d-c0ca-482b-9657-b43cc2c68bab,"Pole, Wood, 90', CL1",EOH_PL_WP__563640,"Pole, Wood, 90', CL1",00002657,CU00000000000014011185
aa9d59e4-c242-4de4-a7bd-2f7a18e11330,"Pole, Wood, 90', CL2",EOH_PL_WP__563680,"Pole, Wood, 90', CL2",00002659,CU00000000000014011186
7fd7733f-1350-44b6-925c-5eca7e09fd9d,"Pole, Wood, 95', CLH1",EOH_PL_WP__563770,"Pole, Wood, 95', CLH1",00002660,CU00000000000014011187
50b15aea-ae33-4038-8f25-31dc09e3da94,"Pole, Wood, 95', CLH2",EOH_PL_WP__563810,"Pole, Wood, 95', CLH2",00002662,CU00000000000014011188
f4801c48-24ce-4587-97bd-2104111e2083,"Pole, Wood, 95', CL1",EOH_PL_WP__563850,"Pole, Wood, 95', CL1",00002663,CU00000000000014011189
4d5a5e38-ab3e-44cf-b017-33a037bbec97,"Pole, Wood, 55', CLH1",EOH_PL_WP__721440,"Pole, Wood, 55', CLH1",00002664,CU00000000000014011190
d30f19e1-f33e-41de-899a-3324335cdea0,"Pole, Wood, 40', CLH1",EOH_PL_WP__733390,"Pole, Wood, 40', CLH1",00002665,CU00000000000014011191
49290ae2-e70a-4cae-ba6b-744c6c64b5e2,"Pole, Wood, 45', CLH1",EOH_PL_WP__733460,"Pole, Wood, 45', CLH1",00002667,CU00000000000014011192
ca5dd301-0298-49f4-882e-1abacac0e816,"Pole, Wood, 45', CLH2",EOH_PL_WP__733500,"Pole, Wood, 45', CLH2",00002668,CU00000000000014011193
bebc153b-17e6-4d1c-ac32-4e7f7b735ac8,"Pole, Wood, 50', CLH1",EOH_PL_WP__733540,"Pole, Wood, 50', CLH1",00002670,CU00000000000014011194
e594819b-21d1-4497-ac03-42c56f4dab28,"Pole, Wood, 50', CLH2",EOH_PL_WP__733560,"Pole, Wood, 50', CLH2",00002671,CU00000000000014011195
9e921f61-0d26-4a99-8eb3-19bcfebbf140,"Pole, Wood, 55', CLH2",EOH_PL_WP__737170,"Pole, Wood, 55', CLH2",00002673,CU00000000000014011196
af842dbc-ee65-42a0-8fbc-5a6446868e6d,"Pole, Wood, 55', CLH3",EOH_PL_WP__737190,"Pole, Wood, 55', CLH3",00002674,CU00000000000014011197
0badcab6-2ff0-4d3c-a2ce-73d05a4a5cc0,"Pole, Wood, 60', CLH3",EOH_PL_WP__737280,"Pole, Wood, 60', CLH3",00002676,CU00000000000014011198
ce3c3f0b-a75b-4444-8bbd-d3f1a5c31f85,"Pole, Wood, 60', CLH4",EOH_PL_WP__737300,"Pole, Wood, 60', CLH4",00002677,CU00000000000014011199
fc7d2cbd-9f8a-416d-81dc-28cabf7a8a18,"Pole, Wood, 65', CLH3",EOH_PL_WP__737340,"Pole, Wood, 65', CLH3",00002679,CU00000000000014011200
cb8de0e1-7ac4-4f58-a057-a9c809019b78,"Pole, Wood, 65', CLH4",EOH_PL_WP__737360,"Pole, Wood, 65', CLH4",00002680,CU00000000000014011201
36bef33c-b110-4d13-862f-146c045356be,"Pole, Wood, 70', CLH3",EOH_PL_WP__737400,"Pole, Wood, 70', CLH3",00002682,CU00000000000014011202
531d9b20-18b4-4672-9dd0-94900671896f,"Pole, Wood, 70', CLH4",EOH_PL_WP__737420,"Pole, Wood, 70', CLH4",00002683,CU00000000000014011203
c60cecb1-9dfc-41da-8684-d2232e4198f1,"Pole, Wood, 75', CLH3",EOH_PL_WP__737460,"Pole, Wood, 75', CLH3",00002685,CU00000000000014011204
729e0400-bdb0-45d7-b9f2-27afb533a49b,"Pole, Wood, 75', CLH4",EOH_PL_WP__737480,"Pole, Wood, 75', CLH4",00002686,CU00000000000014011205
34a90c6b-4a73-42a5-be5f-8e8a15a7741d,"Pole, Wood, 75', CLH5",EOH_PL_WP__737500,"Pole, Wood, 75', CLH5",00002688,CU00000000000014011206
01687e8e-27cc-4ffc-ae14-a4e99fc26818,"Pole, Wood, 80', CLH3",EOH_PL_WP__737520,"Pole, Wood, 80', CLH3",00002689,CU00000000000014011207
47508632-038b-4710-9855-bcc4d577c6e7,"Pole, Wood, 80', CLH4",EOH_PL_WP__737540,"Pole, Wood, 80', CLH4",00002691,CU00000000000014011208
fb765714-491a-44a0-9bd8-9c756a14456e,"Pole, Wood, 80', CLH5",EOH_PL_WP__737560,"Pole, Wood, 80', CLH5",00002692,CU00000000000014011209
2b458348-9b4e-43bc-bd12-ebeb9ffcf20e,"Pole, Wood, 85', CLH3",EOH_PL_WP__737580,"Pole, Wood, 85', CLH3",00002694,CU00000000000014011310
c9771eab-b3c0-4b82-a8c0-9f252b22b6dc,"Pole, Wood, 85', CLH4",EOH_PL_WP__737600,"Pole, Wood, 85', CLH4",00002695,CU00000000000014011311
ed115b88-6690-416c-9fce-3c3b9eef509d,"Pole, Wood, 85', CLH5",EOH_PL_WP__737630,"Pole, Wood, 85', CLH5",00002697,CU00000000000014011312
e1a16df3-80be-4ebe-9541-4663bd95508f,"Pole, Wood, 90', CLH3",EOH_PL_WP__737640,"Pole, Wood, 90', CLH3",00002698,CU00000000000014011313
80eff2b9-1367-4ea4-8722-2944060ba07b,"Pole, Wood, 90', CLH4",EOH_PL_WP__737660,"Pole, Wood, 90', CLH4",00002700,CU00000000000014011314
468d9253-e39c-4286-8e49-02bad229d517,"Pole, Wood, 90', CLH5",EOH_PL_WP__737690,"Pole, Wood, 90', CLH5",00002701,CU00000000000014011315
1c2937a5-433e-42a2-899c-4c349797113c,"Pole, Wood, 95', CLH3",EOH_PL_WP__737700,"Pole, Wood, 95', CLH3",00002703,CU00000000000014011316
41e7c0e3-470b-49a8-86d4-e04fd26b2cb6,"Pole, Wood, 95', CLH4",EOH_PL_WP__737720,"Pole, Wood, 95', CLH4",00002704,CU00000000000014011317
5d259163-a7b1-4d2b-b02a-3de4f3245bad,"Pole, Wood, 100', CLH4",EOH_PL_WP__737780,"Pole, Wood, 100', CLH4",00002706,CU00000000000014011318
a0edb2fb-2e48-4196-ac01-4bd8306bd9ea,"Pole, Wood, 100', CLH5",EOH_PL_WP__737810,"Pole, Wood, 100', CLH5",00002707,CU00000000000014011319
520a592b-7938-4e00-95fe-d0cc6dfadaf1,"Pole, Wood, 105', CLH4",EOH_PL_WP__737830,"Pole, Wood, 105', CLH4",00002709,CU00000000000014011320
950f259a-347e-45dd-96e4-fc79944ff3c3,"Remove TX, OH, 1Ph, 25 kVA and Smaller",EOH_REM_OTX400104,"Remove TX, OH, 1Ph, 25 kVA and Smaller",00002829,CU00000000000014011402
a3740f52-8996-43a1-86f2-de066b096e82,"Remove TX, OH, 3Ph, 112.5 kVA and Larger",EOH_REM_OTX400109,"Remove TX, OH, 3Ph, 112.5 kVA and Larger",00002831,CU00000000000014011403
7ddb93fe-ac6c-42c0-8a10-af109b4acd6c,"Remove TX, OH, 1Ph, 37.5 kVA and Larger",EOH_REM_OTX400305,"Remove TX, OH, 1Ph, 37.5 kVA and Larger",00002833,CU00000000000014011405
922f9b69-3aa8-4efc-bba2-b7e68a75b98d,"Remove TX, OH, 3Ph, 75 kVA and Smaller",EOH_REM_OTX400307,"Remove TX, OH, 3Ph, 75 kVA and Smaller",00002836,CU00000000000014011407
9715077a-ab59-4d65-9cee-9a15382f3183,"Remove Dist Pole, Wood, Up to 50'",EOH_REM_POL400018,"Remove Dist Pole, Wood, Up to 50'",00002845,CU00000000000014011513
57f6d89c-ccf0-41c0-adfa-544a85d7fc22,"Remove Dist Pole, Wood, 55' - 75'",EOH_REM_POL400019,"Remove Dist Pole, Wood, 55' - 75'",00002847,CU00000000000014011514
17aa5168-c716-4aeb-a2a6-1cf777fce15f,"Remove Dist Pole, Wood, 80' - 100'",EOH_REM_POL400020,"Remove Dist Pole, Wood, 80' - 100'",00002848,CU00000000000014011515
4cab8eec-5302-44fa-b9c9-ce0700accf70,"Remove Dist Pole, Wood, Over 100'",EOH_REM_POL400021,"Remove Dist Pole, Wood, Over 100'",00002850,CU00000000000014011516
976df7da-fb1a-4358-af48-fec310d50e77,Remove Pole Top,EOH_REM_POL400213,Remove Pole Top,00002851,CU00000000000014011517
cac59c65-4a5f-4600-8b61-f17f889c5eba,"TX, OH, 1Ph, 250kVA, 21L-L, 12/21Y",EOH_STEP_TX601300,"TX, OH, 1Ph, 250kVA, 21L-L, 12/21Y",00003531,CU00000000000014012338
c20bfdb2-9dce-45cc-bc4d-4053c71b5e2b,"TX, OH, STRMLN, 50kVA, 12/21, 120/240",EOH_STR_TRF601950,"TX, OH, STRMLN, 50kVA, 12/21, 120/240",00003596,CU00000000000014012376
e01ca85b-1a1a-485a-b9a1-7b7cd6f83617,"TX, OH, STRMLN, 50kVA, 4.2/7.2,120/240",EOH_STR_TRF602120,"TX, OH, STRMLN, 50kVA, 4.2/7.2,120/240",00003598,CU00000000000014012377
e436cc5c-e19c-453d-bbe3-ca349793872c,"TX, OH, 1Ph, 50kVA, 2.4/4.2, 240/480",EOH_TX_1_PH304303,"TX, OH, 1Ph, 50kVA, 2.4/4.2, 240/480",00013799,CU00000000000029517997
bb5767b0-5a27-4156-973d-344ddfbe4349,"TX, OH, 1Ph, 100kVA, 2.4/4.2, 240/480",EOH_TX_1_PH304304,"TX, OH, 1Ph, 100kVA, 2.4/4.2, 240/480",00013800,CU00000000000029517998
7fbc5e61-bf79-45ec-b34f-d605f4fb44de,"TX, OH, 1Ph, 167kVA, 2.4/4.2, 240/480",EOH_TX_1_PH304305,"TX, OH, 1Ph, 167kVA, 2.4/4.2, 240/480",00013801,CU00000000000029517999
f2dd6492-c1a5-4e99-8d3d-faf0142e0a10,"TX, OH, 1Ph, 100kVA, 2.4X4.8, 240/480",EOH_TX_1_PH304306,"TX, OH, 1Ph, 100kVA, 2.4X4.8, 240/480",00013802,CU00000000000029518000
fcd4911e-b6db-4e4a-bce1-70be2b57f368,"TX, OH, 1Ph, 167kVA, 4.2/7.2, 120/240",EOH_TX_1_PH304307,"TX, OH, 1Ph, 167kVA, 4.2/7.2, 120/240",00013803,CU00000000000029518001
b7454bb6-75d6-49ed-870e-03e2837ed217,"TX, OH, 1Ph, 25kVA,4.2/7.2,120/240,SSTL",EOH_TX_1_PH304308,"TX, OH, 1Ph, 25kVA,4.2/7.2,120/240,SSTL",00013804,CU00000000000029518002
ee0b3c05-0052-4fa6-936c-1c252471b06a,"TX, OH, 1Ph, 50kVA,4.2/7.2,120/240,SSTL",EOH_TX_1_PH304309,"TX, OH, 1Ph, 50kVA,4.2/7.2,120/240,SSTL",00013805,CU00000000000029518003
79f7b7b4-f664-41b8-b930-e458b22d08c5,"TX, OH, 1Ph, 100kVA,4.2/7.2,120/240,SSTL",EOH_TX_1_PH304310,"TX, OH, 1Ph, 100kVA,4.2/7.2,120/240,SSTL",00013806,CU00000000000029518004
cc9be84b-324f-4567-a4e2-d1b1d539fb31,"TX, OH, 1Ph, 167kVA,4.2/7.2,120/240,SSTL",EOH_TX_1_PH304311,"TX, OH, 1Ph, 167kVA,4.2/7.2,120/240,SSTL",00013807,CU00000000000029518005
05381d19-dedf-4377-98c1-3164c741972d,"TX, OH, 1Ph, 25kVA, 4.2/7.2, 240/480",EOH_TX_1_PH304312,"TX, OH, 1Ph, 25kVA, 4.2/7.2, 240/480",00013808,CU00000000000029518006
899a0b36-c9c6-45bf-a47a-6ae0b5d1367c,"TX, OH, 1Ph, 50kVA, 4.2/7.2, 240/480",EOH_TX_1_PH304313,"TX, OH, 1Ph, 50kVA, 4.2/7.2, 240/480",00013809,CU00000000000029518007
19989802-cd3a-4863-af22-f6710c8765c7,"TX, OH, 1Ph, 167kVA, 4.2/7.2, 240/480",EOH_TX_1_PH304314,"TX, OH, 1Ph, 167kVA, 4.2/7.2, 240/480",00013810,CU00000000000029518008
d3c5a5d9-80b6-4bdf-8a65-c58b86a8fc69,"TX, OH, 1Ph, 50kVA, 7.2/12.470, 120/240",EOH_TX_1_PH304315,"TX, OH, 1Ph, 50kVA, 7.2/12.470, 120/240",00013811,CU00000000000029518009
b5543119-9c15-4f4f-b58f-531cc280fc4c,"TX, OH, 1Ph, 167kVA, 7.2/12.470, 120/240",EOH_TX_1_PH304316,"TX, OH, 1Ph, 167kVA, 7.2/12.470, 120/240",00013812,CU00000000000029540510
d964e164-9860-4758-bce8-8fcde45c683a,"TX, OH,1Ph,50kVA,7.2/12.470,120/240,SSTL",EOH_TX_1_PH304317,"TX, OH,1Ph,50kVA,7.2/12.470,120/240,SSTL",00014912,CU00000000000029540511
c1dd5b40-93a4-432b-b2d8-15386ab54b68,"TX, OH, 1Ph, 250kVA, 12/21, 120/240",EOH_TX_1_PH304318,"TX, OH, 1Ph, 250kVA, 12/21, 120/240",00013813,CU00000000000029540512
c365c016-d5d7-4446-81e4-d49b5675ed26,"TX, OH, 1Ph, 500kVA, 12/21, 120/240",EOH_TX_1_PH304319,"TX, OH, 1Ph, 500kVA, 12/21, 120/240",00013814,CU00000000000029540513
3702738b-8b6e-449a-9d19-c8b9fc1c1889,"TX, OH, 1Ph, 250kVA, 12/21, 240/480",EOH_TX_1_PH304320,"TX, OH, 1Ph, 250kVA, 12/21, 240/480",00013815,CU00000000000029540514
0248925c-7bc5-424c-967e-bc4aa3efdc5f,"TX, OH, 1Ph, 500kVA, 12/21, 240/480",EOH_TX_1_PH304321,"TX, OH, 1Ph, 500kVA, 12/21, 240/480",00013816,CU00000000000029540515
705f0ab2-7f3a-46ef-bf39-d61298629143,"TX, OH, 1Ph, 100kVA,12/21, 2.4/4.2",EOH_TX_1_PH304322,"TX, OH, 1Ph, 100kVA,12/21, 2.4/4.2",00013817,CU00000000000029540516
b3813ce3-dbc1-404d-90fa-5ec6c66fdc8c,"TX, OH, 1Ph, 167kVA,12/21, 2.4/4.2",EOH_TX_1_PH304323,"TX, OH, 1Ph, 167kVA,12/21, 2.4/4.2",00013818,CU00000000000029540517
4ff04272-9872-4f7d-8291-6600ee845735,"TX, OH, 1Ph, 250kVA,12/21, 2.4/4.2",EOH_TX_1_PH304324,"TX, OH, 1Ph, 250kVA,12/21, 2.4/4.2",00013819,CU00000000000029540518
15faea47-dc38-477b-8980-cda942f07c99,"TX, OH, 1Ph, 333kVA,12/21, 2.4/4.2",EOH_TX_1_PH304325,"TX, OH, 1Ph, 333kVA,12/21, 2.4/4.2",00013820,CU00000000000029540519
1052d16b-e616-4cb3-9d87-2cd55c0ffd9e,"TX, OH, 1Ph, 500kVA,12/21, 2.4/4.2",EOH_TX_1_PH304326,"TX, OH, 1Ph, 500kVA,12/21, 2.4/4.2",00013821,CU00000000000029540520
1fb4c51e-421a-4557-8e8a-7178548d2662,"TX, OH, 1Ph, 250kVA,12/21, 12/21",EOH_TX_1_PH304327,"TX, OH, 1Ph, 250kVA,12/21, 12/21",00013822,CU00000000000029540521
623e5fa5-f9bb-46c1-93af-8050d80b89de,"TX, OH, 1Ph, 167kVA, 17kV, 120/240",EOH_TX_1_PH304328,"TX, OH, 1Ph, 167kVA, 17kV, 120/240",00013823,CU00000000000029540522
a4970a58-2c85-45d7-baa7-412f29044a88,"TX, OH, 1Ph, 100kVA, 17kV, 240/480",EOH_TX_1_PH304329,"TX, OH, 1Ph, 100kVA, 17kV, 240/480",00013824,CU00000000000029540523
eacc588c-9ca3-4e5f-abaa-01eb8861bca4,"TX, OH, 1Ph, 167kVA, 17kV, 240/480",EOH_TX_1_PH304330,"TX, OH, 1Ph, 167kVA, 17kV, 240/480",00013825,CU00000000000029540524
7bcbc4d9-b300-4127-9443-d5ebab66da31,"TX, OH, 1Ph, 333kVA, 17kV, 240/480",EOH_TX_1_PH304331,"TX, OH, 1Ph, 333kVA, 17kV, 240/480",00013826,CU00000000000029540525
ab662532-a2db-4d99-a447-37001f520ffc,"TX, OH, 1Ph, 167kVA, 17kV, 2.4/4.2",EOH_TX_1_PH304332,"TX, OH, 1Ph, 167kVA, 17kV, 2.4/4.2",00013827,CU00000000000029540526
d87f88fe-62eb-4aa2-b828-0ad6c18bbd76,"TX, OH, 1Ph, 167kVA, 21kV, 120/240",EOH_TX_1_PH304333,"TX, OH, 1Ph, 167kVA, 21kV, 120/240",00013828,CU00000000000029540527
01f60b0f-8ce8-4a78-816e-9a8109634475,"TX, OH, 1Ph, 100kVA, 21kV, 120/240, SSTL",EOH_TX_1_PH304334,"TX, OH, 1Ph, 100kVA, 21kV, 120/240, SSTL",00013829,CU00000000000029540528
803020e1-fba0-4318-8b6f-b0859e94cc37,"TX, OH, 1Ph, 167kVA, 21kV, 120/240, SSTL",EOH_TX_1_PH304335,"TX, OH, 1Ph, 167kVA, 21kV, 120/240, SSTL",00013830,CU00000000000029540529
e9a7d4d8-2861-427f-8fb4-ffadb62125dc,"TX, OH, 1Ph, 50kVA, 21kV, 2.4/4.2",EOH_TX_1_PH304336,"TX, OH, 1Ph, 50kVA, 21kV, 2.4/4.2",00013831,CU00000000000029540530
1cbd5de1-8286-4c7f-9475-39418ee8996c,"TX, OH, 1Ph, 100kVA, 21kV, 2.4/4.2",EOH_TX_1_PH304337,"TX, OH, 1Ph, 100kVA, 21kV, 2.4/4.2",00013832,CU00000000000029540531
f21afe47-7ad0-4f05-9b5e-b4ef05d22009,"TX, OH, 1Ph, 333kVA, 21kV, 2.4/4.2",EOH_TX_1_PH304338,"TX, OH, 1Ph, 333kVA, 21kV, 2.4/4.2",00013833,CU00000000000029540532
2395a316-3ead-47a1-9cc5-f5dece45fbed,"TX, OH, 1Ph, 50kVA, 21kV, 240/480",EOH_TX_1_PH304339,"TX, OH, 1Ph, 50kVA, 21kV, 240/480",00013834,CU00000000000029540533
b3bb6761-ee98-4ed8-9123-e85c5911f4c0,"TX, OH, 1Ph, 25kVA, 12/21,120/240,ZigZag",EOH_TX_1_PH304340,"TX, OH, 1Ph, 25kVA, 12/21,120/240,ZigZag",00013835,CU00000000000029540534
3d60f5dd-cb9d-41d1-a6dc-e06d42c21a93,"TX, OH, 1Ph, 50kVA, 12/21,120/240,ZigZag",EOH_TX_1_PH304341,"TX, OH, 1Ph, 50kVA, 12/21,120/240,ZigZag",00013836,CU00000000000029540535
b050e749-3ef9-41f1-92b3-457cf2afb8d2,"TX, OH, 1Ph, 100kVA,12/21,120/240,ZigZag",EOH_TX_1_PH304342,"TX, OH, 1Ph, 100kVA,12/21,120/240,ZigZag",00013837,CU00000000000029540536
525fcfac-608c-45b0-8af8-59f5d417fdfc,"TX,OH,1Ph,100kVA,2.4/4.2,120/240,Platfrm",EOH_TX_1_PH304344,"TX,OH,1Ph,100kVA,2.4/4.2,120/240,Platfrm",00013838,CU00000000000029540538
2756265c-1d17-4aa1-a95f-b7738a5562b5,"TX,OH,1Ph,167kVA,4.2/7.2,120/240,Platfrm",EOH_TX_1_PH304345,"TX,OH,1Ph,167kVA,4.2/7.2,120/240,Platfrm",00013839,CU00000000000029540539
a3158c17-8654-447b-9e3a-ee5954e110cb,"TX,OH,1Ph,333kVA, 12/21, 120/240,Platfrm",EOH_TX_1_PH304346,"TX,OH,1Ph,333kVA, 12/21, 120/240,Platfrm",00013840,CU00000000000029540540
fa93fe35-bc1e-4ec7-8f81-ae409b6df4fe,"TX,OH,1Ph,333kVA, 12/21, 240/480,Platfrm",EOH_TX_1_PH304347,"TX,OH,1Ph,333kVA, 12/21, 240/480,Platfrm",00013841,CU00000000000029540541
be163cf9-e74a-4061-89ac-cf4fa09e5233,"TX,OH,1Ph,500kVA, 12/21, 240/480,Platfrm",EOH_TX_1_PH304348,"TX,OH,1Ph,500kVA, 12/21, 240/480,Platfrm",00013842,CU00000000000029540542
d7d9718e-6fed-4c0a-afbc-e740cda33cb6,"TX,OH,1Ph,167kVA, 12/21, 2.4/4.6,Platfrm",EOH_TX_1_PH304349,"TX,OH,1Ph,167kVA, 12/21, 2.4/4.6,Platfrm",00013843,CU00000000000029540543
36a99fab-9837-47b3-805e-2683b2adf894,"TX,OH,1Ph,333kVA, 12/21, 2.4/4.6,Platfrm",EOH_TX_1_PH304350,"TX,OH,1Ph,333kVA, 12/21, 2.4/4.6,Platfrm",00013844,CU00000000000029540544
ade4d5b3-0c03-45e5-af30-36850e1cd47c,"TX,OH,1Ph,667kVA, 12/21, 2.4/4.6,Platfrm",EOH_TX_1_PH304351,"TX,OH,1Ph,667kVA, 12/21, 2.4/4.6,Platfrm",00013845,CU00000000000029540545
6a763bcf-d220-4915-bd95-b0b49bfc65b1,"TX,OH,1Ph,333kVA, 17kV, 240/480,Platfrm",EOH_TX_1_PH304352,"TX,OH,1Ph,333kVA, 17kV, 240/480,Platfrm",00013846,CU00000000000029540546
31f7b21b-38c5-469a-9514-8875ed727e66,"TX,OH,1Ph,333kVA, 17kV, 2.4/4.6,Platfrm",EOH_TX_1_PH304353,"TX,OH,1Ph,333kVA, 17kV, 2.4/4.6,Platfrm",00013847,CU00000000000029540547
0e31a0e7-f176-46fd-9d9a-6bb3e06f182f,"TX, OH, 1Ph, 15kVA, 12/21, 240/480",EOH_TX_1_PH598200,"TX, OH, 1Ph, 15kVA, 12/21, 240/480",00003794,CU00000000000014012764
5c2b6c96-9720-4f25-b056-773fe2732f89,"TX, OH, 1Ph, 100kVA, 12/21, 120/240",EOH_TX_1_PH598250,"TX, OH, 1Ph, 100kVA, 12/21, 120/240",00003795,CU00000000000014012765
996d9a2c-b9c5-4586-be2f-fadb2e505c77,"TX, OH, 1Ph, 100kVA, 12/21, 240/480",EOH_TX_1_PH598260,"TX, OH, 1Ph, 100kVA, 12/21, 240/480",00003796,CU00000000000014012766
d2eacf65-ab1d-4467-b58d-42e8e1ba5800,"TX, OH, 1Ph, 100kVA, 2.4/4.2, 120/240",EOH_TX_1_PH598270,"TX, OH, 1Ph, 100kVA, 2.4/4.2, 120/240",00003797,CU00000000000014012767
9a265d1b-3ca6-4367-b95f-d9037151cbd0,"TX, OH, 1Ph, 15kVA, 7.2/12.470, 120/240",EOH_TX_1_PH598290,"TX, OH, 1Ph, 15kVA, 7.2/12.470, 120/240",00003798,CU00000000000014012768
ffbfde2a-bfe6-4130-9384-62f563fb03b7,"TX, OH, 1Ph, 15kVA, 12/21, 120/240",EOH_TX_1_PH598310,"TX, OH, 1Ph, 15kVA, 12/21, 120/240",00003799,CU00000000000014012769
3c679fce-43f6-4802-981c-673b54785222,"TX, OH, 1Ph, 167kVA, 12/21, 120/240",EOH_TX_1_PH598410,"TX, OH, 1Ph, 167kVA, 12/21, 120/240",00003800,CU00000000000014012770
6dbdb65a-d0b1-4541-b7bc-cdc07443ff8d,"TX, OH, 1Ph, 167kVA, 12/21, 240/480",EOH_TX_1_PH598420,"TX, OH, 1Ph, 167kVA, 12/21, 240/480",00003801,CU00000000000014012771
da69c416-b558-4dc7-bc4e-41ba4eb7d382,"TX, OH, 1Ph, 167kVA, 2.4/4.2, 120/240",EOH_TX_1_PH598430,"TX, OH, 1Ph, 167kVA, 2.4/4.2, 120/240",00003802,CU00000000000014012772
8a909786-5c8b-439d-95dd-124918ac1c62,"TX, OH, 1Ph, 25kVA, 7.2/12.470, 120/240",EOH_TX_1_PH598450,"TX, OH, 1Ph, 25kVA, 7.2/12.470, 120/240",00003803,CU00000000000014012773
159cc4a3-aadc-4b45-ba8f-1e7459b9b8b7,"TX, OH, 1Ph, 25kVA, 12/21, 120/240",EOH_TX_1_PH598470,"TX, OH, 1Ph, 25kVA, 12/21, 120/240",00003804,CU00000000000014012774
e9066d65-34dc-464c-bc8e-a37d2966b1c4,"TX, OH, 1Ph, 25kVA, 12/21, 240/480",EOH_TX_1_PH598480,"TX, OH, 1Ph, 25kVA, 12/21, 240/480",00003805,CU00000000000014012775
27880ad0-0727-4c67-a11b-81f18922e8ef,"TX, OH, 1Ph, 25kVA, 2.4/4.2, 120/240",EOH_TX_1_PH598490,"TX, OH, 1Ph, 25kVA, 2.4/4.2, 120/240",00003806,CU00000000000014012776
d876448a-e026-46db-9702-451b6b3860c6,"TX, OH, 1Ph, 25kVA, 2.4/4.2, 240/480",EOH_TX_1_PH598500,"TX, OH, 1Ph, 25kVA, 2.4/4.2, 240/480",00003807,CU00000000000014012777
b061a2f3-4e3c-4c01-9ff8-f273256d0843,"TX, OH, 1Ph, 50kVA, 12/21, 120/240",EOH_TX_1_PH598620,"TX, OH, 1Ph, 50kVA, 12/21, 120/240",00003808,CU00000000000014012778
4743bd1d-a636-4881-8121-a4dbd271ddd6,"TX, OH, 1Ph, 50kVA, 12/21, 240/480",EOH_TX_1_PH598630,"TX, OH, 1Ph, 50kVA, 12/21, 240/480",00003809,CU00000000000014012779
67fefe23-9bb8-4192-b19e-d3d411fd4c18,"TX, OH, 1Ph, 50kVA, 2.4/4.2, 120/240",EOH_TX_1_PH598640,"TX, OH, 1Ph, 50kVA, 2.4/4.2, 120/240",00003810,CU00000000000014012780
21568439-22cb-480e-a229-9d30528e8d01,"TX, OH, 1Ph, 100kVA, 17kV, 120/240",EOH_TX_1_PH598870,"TX, OH, 1Ph, 100kVA, 17kV, 120/240",00003811,CU00000000000014012781
a3deab91-e1f5-466c-a7fc-90af7febf233,"TX, OH, 1Ph, 100kVA, 21kV, 120/240",EOH_TX_1_PH598890,"TX, OH, 1Ph, 100kVA, 21kV, 120/240",00003812,CU00000000000014012782
6241240a-134b-4571-b1b1-114a3c2f9191,"TX, OH, 1Ph, 100kVA, 4.2/7.2, 120/240",EOH_TX_1_PH598940,"TX, OH, 1Ph, 100kVA, 4.2/7.2, 120/240",00003813,CU00000000000014012783
260a8453-4660-4406-ae33-fdfec87f2373,"TX, OH, 1Ph, 100kVA, 2.4X4.8, 120/240",EOH_TX_1_PH598950,"TX, OH, 1Ph, 100kVA, 2.4X4.8, 120/240",00003814,CU00000000000014012784
0029be51-c55f-4195-9863-b0f17c3910e5,"TX, OH, 1Ph, 15kVA, 17kV, 120/240",EOH_TX_1_PH598990,"TX, OH, 1Ph, 15kVA, 17kV, 120/240",00003815,CU00000000000014012785
aac1cfd1-0aa9-40ab-996b-d27c7b21c9b4,"TX, OH, 1Ph, 15kVA, 17KV, 240/480",EOH_TX_1_PH599000,"TX, OH, 1Ph, 15kVA, 17KV, 240/480",00003816,CU00000000000014012786
8aa6e4a9-5a7b-43e2-9cad-b8a0ef849efc,"TX, OH, 1Ph, 15kVA, 21kV, 120/240",EOH_TX_1_PH599010,"TX, OH, 1Ph, 15kVA, 21kV, 120/240",00003817,CU00000000000014012787
3ffc9015-d5a6-4822-b63e-f8bbe1671f55,"TX, OH, 1Ph, 25kVA, 17kV, 120/240",EOH_TX_1_PH599270,"TX, OH, 1Ph, 25kVA, 17kV, 120/240",00003818,CU00000000000014012788
7360cc5e-8a1f-411d-a0b0-d5d588fded7b,"TX, OH, 1Ph, 25kVA, 17KV, 240/480V",EOH_TX_1_PH599280,"TX, OH, 1Ph, 25kVA, 17KV, 240/480V",00003819,CU00000000000014012789
7f4df068-62a6-4962-aef4-b63015750f7e,"TX, OH, 1Ph, 25kVA, 21kV, 120/240",EOH_TX_1_PH599290,"TX, OH, 1Ph, 25kVA, 21kV, 120/240",00003820,CU00000000000014012790
29245c0e-ad22-4e29-b7d4-3aad64819a90,"TX, OH, 1Ph, 25kVA, 4.2/7.2, 120/240",EOH_TX_1_PH599340,"TX, OH, 1Ph, 25kVA, 4.2/7.2, 120/240",00003821,CU00000000000014012791
1beb9be8-8fea-4fe3-8336-20c1ae0f60db,"TX, OH, 1Ph, 25kVA, 2.4X4.8, 120/240",EOH_TX_1_PH599350,"TX, OH, 1Ph, 25kVA, 2.4X4.8, 120/240",00003822,CU00000000000014012792
b2595013-e262-4a6b-ae14-4bc17e89ab72,"TX, OH, 1Ph, 25kVA, 2.4X4.8, 240/480",EOH_TX_1_PH599360,"TX, OH, 1Ph, 25kVA, 2.4X4.8, 240/480",00003823,CU00000000000014012793
a6651f13-975f-4cfa-8e77-343b33990e35,"TX, OH, 1Ph, 50kVA, 2.4X4.8, 240/480",EOH_TX_1_PH599470,"TX, OH, 1Ph, 50kVA, 2.4X4.8, 240/480",00003824,CU00000000000014012794
c6b185b6-bd50-45b4-a1ec-5925885b3f9c,"TX, OH, 1Ph, 50kVA, 17kV, 120/240",EOH_TX_1_PH599550,"TX, OH, 1Ph, 50kVA, 17kV, 120/240",00003825,CU00000000000014012795
af1f730b-8eb8-4546-b8bc-b64c5b927c4d,"TX, OH, 1Ph, 50kVA, 17kV, 240/480",EOH_TX_1_PH599560,"TX, OH, 1Ph, 50kVA, 17kV, 240/480",00003826,CU00000000000014012796
e90703d7-2cc0-4956-8459-c302c49b692d,"TX, OH, 1Ph, 50kVA, 21kV, 120/240",EOH_TX_1_PH599570,"TX, OH, 1Ph, 50kVA, 21kV, 120/240",00003827,CU00000000000014012797
3abf88a1-0d1b-4bf1-aafb-715056c35a4d,"TX, OH, 1Ph, 50kVA, 4.2/7.2, 120/240",EOH_TX_1_PH599620,"TX, OH, 1Ph, 50kVA, 4.2/7.2, 120/240",00003828,CU00000000000014012798
9ab52a6b-7c8d-42aa-ac90-dbc05112de64,"TX, OH, 1Ph, 50kVA, 2.4X4.8, 120/240",EOH_TX_1_PH599630,"TX, OH, 1Ph, 50kVA, 2.4X4.8, 120/240",00003829,CU00000000000014012799
a8d180e6-9f59-4b14-adf2-471b268cd4a5,"TX, OH, 1Ph, 100kVA, 12/21, 120/240,SSTL",EOH_TX_1_PH599890,"TX, OH, 1Ph, 100kVA, 12/21, 120/240,SSTL",00003830,CU00000000000014012800
0512070a-5418-4383-b690-35f3e277d40f,"TX, OH, 1Ph, 15kVA, 12/21, 120/240, SSTL",EOH_TX_1_PH599910,"TX, OH, 1Ph, 15kVA, 12/21, 120/240, SSTL",00003831,CU00000000000014012801
869aef4e-000d-4836-98fd-f53fb6b28524,"TX, OH, 1Ph, 167kVA, 12/21, 120/240,SSTL",EOH_TX_1_PH599930,"TX, OH, 1Ph, 167kVA, 12/21, 120/240,SSTL",00003832,CU00000000000014012802
8f631700-1c8a-4e40-b83a-762505f76583,"TX, OH, 1Ph, 25kVA, 12/21, 120/240, SSTL",EOH_TX_1_PH599950,"TX, OH, 1Ph, 25kVA, 12/21, 120/240, SSTL",00003833,CU00000000000014012803
589eb7bd-6599-4148-abc0-82a4f825293a,"TX, OH, 1Ph, 50kVA, 12/21, 240/480, SSTL",EOH_TX_1_PH599980,"TX, OH, 1Ph, 50kVA, 12/21, 240/480, SSTL",00005736,CU00000000000014012804
41c397ba-3125-416c-b56d-54ba21ced3e6,"TX, OH, 1Ph, 50kVA, 12/21, 120/240, SSTL",EOH_TX_1_PH600000,"TX, OH, 1Ph, 50kVA, 12/21, 120/240, SSTL",00003834,CU00000000000014012805
9e3423b7-244a-4fcd-a817-6877cdb5af37,"TX, OH, 1Ph, 25kVA, 21kV, 120/240, SSTL",EOH_TX_1_PH600210,"TX, OH, 1Ph, 25kVA, 21kV, 120/240, SSTL",00003835,CU00000000000014012806
66117e0e-3ef5-49e4-b729-fb23755b6011,"TX, OH, 1Ph, 50kVA, 21kV, 120/240, SSTL",EOH_TX_1_PH600310,"TX, OH, 1Ph, 50kVA, 21kV, 120/240, SSTL",00003836,CU00000000000014012807
39eb23a2-dde0-478d-8c93-182de096039a,"TX, OH, 1Ph, 50kVA, 2.4/4.2,120/240,SSTL",EOH_TX_1_PH750240,"TX, OH, 1Ph, 50kVA, 2.4/4.2,120/240,SSTL",00003837,CU00000000000014012808
751f5734-e4b5-4bb8-994a-a781594fd46f,"TX, OH, 1Ph, 25kVA, 2.4/4.2,120/240,SSTL",EOH_TX_1_PH754840,"TX, OH, 1Ph, 25kVA, 2.4/4.2,120/240,SSTL",00003838,CU00000000000014012809
b7e58e76-4cc4-41d3-9366-2a4dbb1a5eda,"TX, OH, 1Ph, 100kVA,2.4/4.2,120/240,SSTL",EOH_TX_1_PH754850,"TX, OH, 1Ph, 100kVA,2.4/4.2,120/240,SSTL",00003839,CU00000000000014012910
8114cca9-db50-4b00-adc9-2d4ac00e37f1,"TX, OH, 1Ph, 167kVA,2.4/4.2,120/240,SSTL",EOH_TX_1_PH754860,"TX, OH, 1Ph, 167kVA,2.4/4.2,120/240,SSTL",00003840,CU00000000000014012911
fc16f8e3-4475-40c7-a9f3-40e4b62489a1,"TX, OH,1Ph,25kVA,7.2/12.470,120/240,SSTL",EOH_TX_1_PH754870,"TX, OH,1Ph,25kVA,7.2/12.470,120/240,SSTL",00003841,CU00000000000014012912
a39eb4c7-408a-4051-80a0-9f9e15b79cb9,"TX, OH, 3Ph, 150kVA, 12kV, 120/208, SSTL",EOH_TX_3_PH303960,"TX, OH, 3Ph, 150kVA, 12kV, 120/208, SSTL",00013225,CU00000000000018080778
cd55234c-8521-4a3f-abb1-50c8ec86c4f0,"TX, OH, 3Ph, 300kVA, 12kV, 120/208, SSTL",EOH_TX_3_PH303961,"TX, OH, 3Ph, 300kVA, 12kV, 120/208, SSTL",00013226,CU00000000000018080779
a8b3cedb-53e0-4ba6-be6b-a28785f9f6b3,"TX, OH, 3Ph, 300kVA, 12kV, 277/480, SSTL",EOH_TX_3_PH303962,"TX, OH, 3Ph, 300kVA, 12kV, 277/480, SSTL",00013227,CU00000000000018080780
17236e4e-9b44-48f4-baa1-74a9869a7188,"TX, OH, 3Ph, 300kVA, 21kV, 120/208",EOH_TX_3_PH303963,"TX, OH, 3Ph, 300kVA, 21kV, 120/208",00013228,CU00000000000018080781
6269766f-a6c7-4fad-8220-9e2839b545f0,"TX, OH, 3Ph, 150kVA, 21kV, 120/208, SSTL",EOH_TX_3_PH303964,"TX, OH, 3Ph, 150kVA, 21kV, 120/208, SSTL",00013229,CU00000000000018080782
5b97e256-7e86-4a20-9c4c-4bce89cb01a2,"TX, OH, 3Ph, 300kVA, 21kV, 120/208, SSTL",EOH_TX_3_PH303965,"TX, OH, 3Ph, 300kVA, 21kV, 120/208, SSTL",00013230,CU00000000000018080783
a2f844a9-9dc4-41db-ace8-33a031c3617b,"TX, OH, 3Ph, 150kVA, 21kV, 277/480, SSTL",EOH_TX_3_PH303966,"TX, OH, 3Ph, 150kVA, 21kV, 277/480, SSTL",00013231,CU00000000000018080784
c3a0f515-f43f-4197-a5a8-4ba4c11234f2,"TX, OH, 3Ph, 300kVA, 21kV, 277/480, SSTL",EOH_TX_3_PH303967,"TX, OH, 3Ph, 300kVA, 21kV, 277/480, SSTL",00013232,CU00000000000018080785
ea77fec4-52f1-424d-b8e1-08f35155c999,"TX, OH, 3Ph, 300kVA, 4.2kV, 120/208",EOH_TX_3_PH304343,"TX, OH, 3Ph, 300kVA, 4.2kV, 120/208",00013848,CU00000000000029540537
34ec4d44-a2c5-44db-9cbb-5ecf207ddfd9,"TX, OH, 3Ph, 150kVA, 12kV, 120/208",EOH_TX_3_PH600430,"TX, OH, 3Ph, 150kVA, 12kV, 120/208",00003844,CU00000000000014012915
67f6477f-4975-4fe5-b976-dd9776d217f3,"TX, OH, 3Ph, 150kVA, 12kV, 277/480",EOH_TX_3_PH600440,"TX, OH, 3Ph, 150kVA, 12kV, 277/480",00003845,CU00000000000014012916
08ecfc01-e7af-46c3-bbe5-5fc42b9b448b,"TX, OH, 3Ph, 150kVA, 21kV, 120/208",EOH_TX_3_PH600450,"TX, OH, 3Ph, 150kVA, 21kV, 120/208",00003846,CU00000000000014012917
41148dc3-1b20-48b9-849d-812c4c534d91,"TX, OH, 3Ph, 150kVA, 21kV, 277/480",EOH_TX_3_PH600460,"TX, OH, 3Ph, 150kVA, 21kV, 277/480",00003847,CU00000000000014012918
b05e3cc8-317a-4c78-9d1d-d89d665e4729,"TX, OH, 3Ph, 300kVA, 12kV, 277/480",EOH_TX_3_PH600570,"TX, OH, 3Ph, 300kVA, 12kV, 277/480",00003848,CU00000000000014012919
06b5eb6d-6912-4206-a2ea-35e3c7180534,"TX, OH, 3Ph, 300kVA, 21kV, 277/480",EOH_TX_3_PH600580,"TX, OH, 3Ph, 300kVA, 21kV, 277/480",00003849,CU00000000000014012920
7b353a8b-63d5-4736-b5be-88933ae06d5a,"TX, OH, 3Ph, 45kV, 12kV, 277/480, SSTL",EOH_TX_3_PH600601,"TX, OH, 3Ph, 45kV, 12kV, 277/480, SSTL",00003850,CU00000000000014012921
2236dec5-4391-465c-9b54-b74505141f59,"TX, OH, 3Ph, 45kVA, 12kV, 277/480",EOH_TX_3_PH600603,"TX, OH, 3Ph, 45kVA, 12kV, 277/480",00003851,CU00000000000014012922
c67c9403-6a36-41f8-a2ec-9a64af9a6c84,"TX, OH, 3Ph, 45kVA, 21kV, 277/480, SSTL",EOH_TX_3_PH600611,"TX, OH, 3Ph, 45kVA, 21kV, 277/480, SSTL",00003852,CU00000000000014012923
75549679-54e0-4794-a157-7e2f7024c1e5,"TX, OH, 3Ph, 45kVA, 21kV, 277/480",EOH_TX_3_PH600613,"TX, OH, 3Ph, 45kVA, 21kV, 277/480",00003853,CU00000000000014012924
39b02818-db56-4d90-bee6-222e75c57d3b,"TX, OH, 3Ph, 75kVA, 12kV, 120/208, SSTL",EOH_TX_3_PH600631,"TX, OH, 3Ph, 75kVA, 12kV, 120/208, SSTL",00003854,CU00000000000014012925
9a153f9c-c60a-4029-9c2d-3761795bd4e2,"TX, OH, 3Ph, 75kVA, 12kV, 120/208",EOH_TX_3_PH600633,"TX, OH, 3Ph, 75kVA, 12kV, 120/208",00003855,CU00000000000014012926
8bf85430-f507-4ad4-a786-bccdad24f768,"TX, OH, 3Ph, 75kV, 12kV, 277/480, SSTL",EOH_TX_3_PH600641,"TX, OH, 3Ph, 75kV, 12kV, 277/480, SSTL",00003856,CU00000000000014012927
9708c391-dde0-438f-8b3a-09bd5c97ab79,"TX, OH, 3Ph, 75kVA, 12kV, 277/480",EOH_TX_3_PH600643,"TX, OH, 3Ph, 75kVA, 12kV, 277/480",00003857,CU00000000000014012928
4289245d-397f-47cf-9cd4-d35fda130f91,"TX, OH, 3Ph, 75kVA, 21kV, 120/208, SSTL",EOH_TX_3_PH600651,"TX, OH, 3Ph, 75kVA, 21kV, 120/208, SSTL",00003858,CU00000000000014012929
da051a15-a7fd-42eb-a0ca-11d48b5b2a4f,"TX, OH, 3Ph, 75kVA, 21kV, 120/208",EOH_TX_3_PH600653,"TX, OH, 3Ph, 75kVA, 21kV, 120/208",00003859,CU00000000000014012930
97fea549-e891-4a2d-8e90-926ed90d535b,"TX, OH, 3Ph, 75kVA, 21kV, 277/480, SSTL",EOH_TX_3_PH600661,"TX, OH, 3Ph, 75kVA, 21kV, 277/480, SSTL",00003860,CU00000000000014012931
00e028f2-f251-449e-a0c4-3395ddf153b6,"TX, OH, 3Ph, 75kVA, 21kV, 277/480",EOH_TX_3_PH600663,"TX, OH, 3Ph, 75kVA, 21kV, 277/480",00003884,CU00000000000014012932
20345af6-ce70-4fd6-8106-5fddb8094259,"TX, OH, 3Ph, 150kVA, 17kV, 277/480",EOH_TX_3_PH602230,"TX, OH, 3Ph, 150kVA, 17kV, 277/480",00003885,CU00000000000014012933
e70f2316-d885-4700-b453-6db9a4c70991,"TX, OH, 3Ph, 45kVA, 12kV, 120/208, SSTL",EOH_TX_3_PH602301,"TX, OH, 3Ph, 45kVA, 12kV, 120/208, SSTL",00003886,CU00000000000014012934
f36af384-3e7e-4fda-a470-9f44906ecb5a,"TX, OH, 3Ph, 45kVA, 12kV, 120/208",EOH_TX_3_PH602303,"TX, OH, 3Ph, 45kVA, 12kV, 120/208",00003887,CU00000000000014012935
f05c2582-0092-415b-adce-ebb34185e1c7,"TX, OH, 3Ph, 45kVA, 21kV, 120/208, SSTL",EOH_TX_3_PH602331,"TX, OH, 3Ph, 45kVA, 21kV, 120/208, SSTL",00003888,CU00000000000014012936
2f7a2546-2baa-4899-ba12-231c678a97cd,"TX, OH, 3Ph, 45kVA, 21kV, 120/208",EOH_TX_3_PH602333,"TX, OH, 3Ph, 45kVA, 21kV, 120/208",00003889,CU00000000000014012937
a395c2ee-24e4-433c-8d43-47762887ad7d,"TX, OH, 3Ph, 75kVA, 17kV, 277/480",EOH_TX_3_PH721780,"TX, OH, 3Ph, 75kVA, 17kV, 277/480",00003890,CU00000000000014012938
1c51b4ef-45e1-46e8-9a1b-7dd7f824f280,"TX, OH, 3Ph, 300kVA, 12kV, 120/208",EOH_TX_3_PH725880,"TX, OH, 3Ph, 300kVA, 12kV, 120/208",00003891,CU00000000000014012939
f75c85a7-e911-4697-a5b8-76d7587ab63d,"TX, OH, 3Ph, 75kVA, 17kV, 120/208",EOH_TX_3_PH731490,"TX, OH, 3Ph, 75kVA, 17kV, 120/208",00003892,CU00000000000014012940
e77c2bf7-ea59-4053-a464-c66e0a034bd3,"TX, OH, 3Ph, 150kVA, 17kV, 120/208",EOH_TX_3_PH731510,"TX, OH, 3Ph, 150kVA, 17kV, 120/208",00003893,CU00000000000014012941
27d5635a-a439-409b-a470-d3cf12a55ab4,"TX, OH, 3Ph, 300kVA, 17kV, 120/208",EOH_TX_3_PH731520,"TX, OH, 3Ph, 300kVA, 17kV, 120/208",00003894,CU00000000000014012942
d9445bbc-60fd-4b4c-b807-e2d1fc1e8191,"TX, OH, 3Ph, 300kVA, 17kV, 277/480",EOH_TX_3_PH731530,"TX, OH, 3Ph, 300kVA, 17kV, 277/480",00003895,CU00000000000014012943
2f6f61e7-bcee-4bba-b6c1-5fa117aeac79,"TX, OH, 3Ph, 45kVA, 4.2kV, 120/208",EOH_TX_3_PH752020,"TX, OH, 3Ph, 45kVA, 4.2kV, 120/208",00003896,CU00000000000014012944
346923a5-be21-4315-885a-4250e6ee2b66,"TX, OH, 3Ph, 45kVA, 4.2kV, 277/480",EOH_TX_3_PH752030,"TX, OH, 3Ph, 45kVA, 4.2kV, 277/480",00003897,CU00000000000014012945
23e87d6a-48ff-47b0-98f8-1441bc2a740e,"TX, OH, 3Ph, 150kVA, 4.2kV, 120/208",EOH_TX_3_PH752040,"TX, OH, 3Ph, 150kVA, 4.2kV, 120/208",00003898,CU00000000000014012946
04908b9f-1d7d-4c2d-83b7-fdc9dd501086,"TX, OH, 3Ph, 150kVA, 4.2kV, 277/480",EOH_TX_3_PH752050,"TX, OH, 3Ph, 150kVA, 4.2kV, 277/480",00003899,CU00000000000014012947
b0fb76b9-b0f6-4974-a77c-4b8a5a2a7d52,"TX, OH, 3Ph, 300kVA, 4.2kV, 277/480",EOH_TX_3_PH752070,"TX, OH, 3Ph, 300kVA, 4.2kV, 277/480",00003900,CU00000000000014012948
d50952d8-dac7-4501-9273-6d0947e29b5f,"TX, OH, 3Ph, 150kVA, 12kV, 277/480, SSTL",EOH_TX_3_PH909571,"TX, OH, 3Ph, 150kVA, 12kV, 277/480, SSTL",00003901,CU00000000000014012949
a5bda91c-4b76-4ed8-b4a2-6a10a91a19ae,,,,,